<?xml version="1.0" encoding="UTF-8"?>
<cdtprojectproperties>
<section name="org.eclipse.cdt.internal.ui.wizards.settingswizards.IncludePaths">
<language name="C Source File">
<includepath>/Users/antsimulation/Documents/Army_ant_simulation/lib</includepath>
<includepath>/Users/antsimulation/Documents/Army_ant_simulation/lib/SFML/include</includepath>
<includepath>/Users/antsimulation/Documents/Army_ant_simulation/lib/Box2D</includepath>

</language>
<language name="C++ Source File">
<includepath>/Users/antsimulation/Documents/Army_ant_simulation/lib</includepath>
<includepath>/Users/antsimulation/Documents/Army_ant_simulation/lib/SFML/include</includepath>
<includepath>/Users/antsimulation/Documents/Army_ant_simulation/lib/Box2D</includepath>

</language>
<language name="Object File">

</language>
<language name="Assembly Source File">
<includepath>/Users/antsimulation/Documents/Army_ant_simulation/lib</includepath>
<includepath>/Users/antsimulation/Documents/Army_ant_simulation/lib/SFML/include</includepath>
<includepath>/Users/antsimulation/Documents/Army_ant_simulation/lib/Box2D</includepath>

</language>
</section>
<section name="org.eclipse.cdt.internal.ui.wizards.settingswizards.Macros">
<language name="C Source File">

</language>
<language name="C++ Source File">

</language>
<language name="Object File">

</language>
<language name="Assembly Source File">

</language>
</section>
</cdtprojectproperties>
